Student Name,Student ID,Student SIS ID,Email,Section Name
Mckayla Oliveira,5501311,U75197896,mckaylao@usf.edu,CGS2100.021U25.50017 Computers In Business
Sofia Yumi Kubo Nimer Silva,5462855,U04008596,sofiayumi@usf.edu,CGS2100.021U25.50017 Computers In Business
Jorge Behnke Chanes,5430865,U35143484,jorgeb161@usf.edu,CGS2100.021U25.50017 Computers In Business
Isabelle Whiteside,5461189,U34392995,isabellewhiteside@usf.edu,CGS2100.002U25.50018 Computers In Business
Mia Chotard,5460725,U17581126,miachotard@usf.edu,CGS2100.002U25.50018 Computers In Business
Brandon Nguyen,5441293,U24356879,bnguyen61@usf.edu,CGS2100.002U25.50018 Computers In Business
Cecelia Parrino,5458329,U15555805,ceceliaparrino@usf.edu,CGS2100.021U25.50017 Computers In Business
Anna Moreno,5509671,U33507894,amoreno209@usf.edu,CGS2100.021U25.50017 Computers In Business
Lincoln Dykes,5459685,U51449959,lincolndykes@usf.edu,CGS2100.002U25.50018 Computers In Business
Brennon Flagg,5423489,U84624664,brennonflagg@usf.edu,CGS2100.021U25.50017 Computers In Business
Laura Toriello,5486665,U95838760,llt144@usf.edu,CGS2100.021U25.50017 Computers In Business
Marissa Holgrimson,5444997,U87264562,marissaholgrimson@usf.edu,CGS2100.021U25.50017 Computers In Business
Joseph Beauchesne-Mattioli,5455193,U34856277,mj16@usf.edu,CGS2100.002U25.50018 Computers In Business
Xenia Ochoa,5459463,U44611120,xeniaochoa@usf.edu,CGS2100.021U25.50017 Computers In Business
Jacob Schoner,5445265,U37563843,jacobschoner@usf.edu,CGS2100.021U25.50017 Computers In Business
Mason Desilles,5477453,U43118329,mdesilles@usf.edu,CGS2100.021U25.50017 Computers In Business
Angelis Bowling,5455745,U80150629,angelisb@usf.edu,CGS2100.021U25.50017 Computers In Business
Adrianna Ruiz,5459915,U69599253,adriannaruiz@usf.edu,CGS2100.021U25.50017 Computers In Business
Dylan Florio,5472249,U92553543,dylanflorio@usf.edu,CGS2100.002U25.50018 Computers In Business
Leila Morales,5425419,U89866343,leilaannmorales@usf.edu,CGS2100.002U25.50018 Computers In Business
Jason Ortiz-Turcios,5445241,U64836173,jason772@usf.edu,CGS2100.021U25.50017 Computers In Business
Max Barta,5430421,U44146712,barta1@usf.edu,CGS2100.021U25.50017 Computers In Business
Marisa Yapello,5458119,U52090888,myapello12@usf.edu,CGS2100.021U25.50017 Computers In Business
Caitlin Ford,5463039,U86048436,cjford@usf.edu,CGS2100.002U25.50018 Computers In Business
Joseph Knight,5445225,U85513252,josephknight@usf.edu,CGS2100.021U25.50017 Computers In Business
Gabe Pruitt,5487129,U16616545,gabrielpruitt@usf.edu,CGS2100.021U25.50017 Computers In Business
Charley Su,5447047,U61622868,jiachensu@usf.edu,CGS2100.002U25.50018 Computers In Business
Heny Surtee,5453441,U78625911,surteeh@usf.edu,CGS2100.002U25.50018 Computers In Business
Angel Jimenez,5464229,U31878090,arjimenez@usf.edu,CGS2100.021U25.50017 Computers In Business
Brandon Jackson,5435497,U41333662,brandonjackson@usf.edu,CGS2100.002U25.50018 Computers In Business
Serkan Eren,5490299,U01531964,serkan2@usf.edu,CGS2100.002U25.50018 Computers In Business
Manuela Silva,5470105,U14290608,manuelasilva@usf.edu,CGS2100.002U25.50018 Computers In Business
Ava Lanier,5489989,U13049719,avalanier@usf.edu,CGS2100.021U25.50017 Computers In Business
Amanda Nielsen,5449907,U08894019,amandanielsen@usf.edu,CGS2100.002U25.50018 Computers In Business
Syrena Demascio,5457355,U76594284,sdemascio@usf.edu,CGS2100.002U25.50018 Computers In Business
David Rogers,5462903,U74277121,davidedwardrogers@usf.edu,CGS2100.002U25.50018 Computers In Business
Virginia Grosset,5476707,U56204068,vgrosset@usf.edu,CGS2100.002U25.50018 Computers In Business
Tomas Bayona,5463183,U04428333,tomasb@usf.edu,CGS2100.021U25.50017 Computers In Business
Russell Albright-Maragoto,5461105,U74421188,albrightmaragoto@usf.edu,CGS2100.002U25.50018 Computers In Business
Rachel Larralde,5445015,U44650340,rachellarralde@usf.edu,CGS2100.002U25.50018 Computers In Business
Olivia Doty,5459721,U02313205,oliviadoty42@usf.edu,CGS2100.021U25.50017 Computers In Business
Scott Hodges,5444045,U27804657,shodges28@usf.edu,CGS2100.002U25.50018 Computers In Business
Gianmarco Garcia,5447867,U79139939,gianmarcogarcia@usf.edu,CGS2100.021U25.50017 Computers In Business
Parker Halsey,5446521,U34028673,parkerhalsey@usf.edu,CGS2100.021U25.50017 Computers In Business
Dylan Nyikos,5488551,U32417601,dpnyikos@usf.edu,CGS2100.002U25.50018 Computers In Business
Isabele Fischer Lima,5477499,U18738725,fischerlima@usf.edu,CGS2100.021U25.50017 Computers In Business
Eli London,5447619,U34125866,elijahlondon@usf.edu,CGS2100.002U25.50018 Computers In Business